millis,stamp,datetime,motion
998, 1564403226, 2019/7/29 12:27:6, Inactive
1999, 1564403227, 2019/7/29 12:27:7, Active
2999, 1564403228, 2019/7/29 12:27:8, Active
3999, 1564403229, 2019/7/29 12:27:9, Active
4999, 1564403230, 2019/7/29 12:27:10, Active
5999, 1564403231, 2019/7/29 12:27:11, Active
6999, 1564403232, 2019/7/29 12:27:12, Active
7999, 1564403233, 2019/7/29 12:27:13, Active
8999, 1564403234, 2019/7/29 12:27:14, Active
9999, 1564403235, 2019/7/29 12:27:15, Active
10999, 1564403236, 2019/7/29 12:27:16, Active
11999, 1564403237, 2019/7/29 12:27:17, Active
12999, 1564403238, 2019/7/29 12:27:18, Active
14000, 1564403239, 2019/7/29 12:27:19, Active
14999, 1564403240, 2019/7/29 12:27:20, Active
16000, 1564403241, 2019/7/29 12:27:21, Active
16999, 1564403242, 2019/7/29 12:27:22, Active
17999, 1564403243, 2019/7/29 12:27:23, Active
18999, 1564403244, 2019/7/29 12:27:24, Active
19999, 1564403245, 2019/7/29 12:27:25, Active
20999, 1564403246, 2019/7/29 12:27:26, Inactive
21999, 1564403247, 2019/7/29 12:27:27, Inactive
22999, 1564403248, 2019/7/29 12:27:28, Inactive
23999, 1564403249, 2019/7/29 12:27:29, Inactive
24999, 1564403250, 2019/7/29 12:27:30, Active
25999, 1564403251, 2019/7/29 12:27:31, Active
26999, 1564403252, 2019/7/29 12:27:32, Active
27999, 1564403253, 2019/7/29 12:27:33, Active
28999, 1564403254, 2019/7/29 12:27:34, Active
29999, 1564403255, 2019/7/29 12:27:35, Active
30999, 1564403256, 2019/7/29 12:27:36, Inactive
32000, 1564403257, 2019/7/29 12:27:37, Inactive
33000, 1564403258, 2019/7/29 12:27:38, Inactive
34000, 1564403259, 2019/7/29 12:27:39, Inactive
34998, 1564403260, 2019/7/29 12:27:40, Active
35999, 1564403261, 2019/7/29 12:27:41, Active
36999, 1564403262, 2019/7/29 12:27:42, Active
37999, 1564403263, 2019/7/29 12:27:43, Active
38999, 1564403264, 2019/7/29 12:27:44, Inactive
39999, 1564403265, 2019/7/29 12:27:45, Inactive
40999, 1564403266, 2019/7/29 12:27:46, Active
41999, 1564403267, 2019/7/29 12:27:47, Active
42999, 1564403268, 2019/7/29 12:27:48, Active
43999, 1564403269, 2019/7/29 12:27:49, Inactive
44999, 1564403270, 2019/7/29 12:27:50, Inactive
45999, 1564403271, 2019/7/29 12:27:51, Inactive
46999, 1564403272, 2019/7/29 12:27:52, Inactive
48000, 1564403273, 2019/7/29 12:27:53, Active
48999, 1564403274, 2019/7/29 12:27:54, Active
49999, 1564403275, 2019/7/29 12:27:55, Inactive
50999, 1564403276, 2019/7/29 12:27:56, Inactive
51999, 1564403277, 2019/7/29 12:27:57, Inactive
52999, 1564403278, 2019/7/29 12:27:58, Inactive
53999, 1564403279, 2019/7/29 12:27:59, Inactive
54999, 1564403280, 2019/7/29 12:28:0, Inactive
55999, 1564403281, 2019/7/29 12:28:1, Inactive
56999, 1564403282, 2019/7/29 12:28:2, Inactive
57999, 1564403283, 2019/7/29 12:28:3, Inactive
58999, 1564403284, 2019/7/29 12:28:4, Inactive
59999, 1564403285, 2019/7/29 12:28:5, Inactive
60999, 1564403286, 2019/7/29 12:28:6, Inactive
61999, 1564403287, 2019/7/29 12:28:7, Inactive
62999, 1564403288, 2019/7/29 12:28:8, Inactive
64000, 1564403289, 2019/7/29 12:28:9, Inactive
64999, 1564403290, 2019/7/29 12:28:10, Inactive
65999, 1564403291, 2019/7/29 12:28:11, Inactive
66999, 1564403292, 2019/7/29 12:28:12, Inactive
67999, 1564403293, 2019/7/29 12:28:13, Active
68999, 1564403294, 2019/7/29 12:28:14, Active
69999, 1564403295, 2019/7/29 12:28:15, Active
70999, 1564403296, 2019/7/29 12:28:16, Active
71999, 1564403297, 2019/7/29 12:28:17, Inactive
72999, 1564403298, 2019/7/29 12:28:18, Inactive
73999, 1564403299, 2019/7/29 12:28:19, Inactive
74999, 1564403300, 2019/7/29 12:28:20, Inactive
75999, 1564403301, 2019/7/29 12:28:21, Inactive
76999, 1564403302, 2019/7/29 12:28:22, Inactive
77999, 1564403303, 2019/7/29 12:28:23, Active
78999, 1564403304, 2019/7/29 12:28:24, Active
80000, 1564403305, 2019/7/29 12:28:25, Active
80999, 1564403306, 2019/7/29 12:28:26, Inactive
81999, 1564403307, 2019/7/29 12:28:27, Inactive
82999, 1564403308, 2019/7/29 12:28:28, Active
83999, 1564403309, 2019/7/29 12:28:29, Active
84999, 1564403310, 2019/7/29 12:28:30, Inactive
85999, 1564403311, 2019/7/29 12:28:31, Inactive
86999, 1564403312, 2019/7/29 12:28:32, Active
87999, 1564403313, 2019/7/29 12:28:33, Active
88999, 1564403314, 2019/7/29 12:28:34, Active
89999, 1564403315, 2019/7/29 12:28:35, Inactive
90999, 1564403316, 2019/7/29 12:28:36, Inactive
91999, 1564403317, 2019/7/29 12:28:37, Inactive
92999, 1564403318, 2019/7/29 12:28:38, Inactive
93999, 1564403319, 2019/7/29 12:28:39, Inactive
94999, 1564403320, 2019/7/29 12:28:40, Inactive
96000, 1564403321, 2019/7/29 12:28:41, Active
96999, 1564403322, 2019/7/29 12:28:42, Active
97999, 1564403323, 2019/7/29 12:28:43, Active
98999, 1564403324, 2019/7/29 12:28:44, Active
99999, 1564403325, 2019/7/29 12:28:45, Inactive
100999, 1564403326, 2019/7/29 12:28:46, Inactive
101999, 1564403327, 2019/7/29 12:28:47, Inactive
102999, 1564403328, 2019/7/29 12:28:48, Inactive
103999, 1564403329, 2019/7/29 12:28:49, Inactive
104999, 1564403330, 2019/7/29 12:28:50, Inactive
105999, 1564403331, 2019/7/29 12:28:51, Inactive
106999, 1564403332, 2019/7/29 12:28:52, Inactive
107999, 1564403333, 2019/7/29 12:28:53, Active
108999, 1564403334, 2019/7/29 12:28:54, Active
109999, 1564403335, 2019/7/29 12:28:55, Active
110999, 1564403336, 2019/7/29 12:28:56, Inactive
112000, 1564403337, 2019/7/29 12:28:57, Inactive
112999, 1564403338, 2019/7/29 12:28:58, Inactive
113999, 1564403339, 2019/7/29 12:28:59, Inactive
114999, 1564403340, 2019/7/29 12:29:0, Active
115999, 1564403341, 2019/7/29 12:29:1, Active
116999, 1564403342, 2019/7/29 12:29:2, Active
117999, 1564403343, 2019/7/29 12:29:3, Inactive
119000, 1564403344, 2019/7/29 12:29:4, Inactive
119999, 1564403345, 2019/7/29 12:29:5, Inactive
120999, 1564403346, 2019/7/29 12:29:6, Inactive
121999, 1564403347, 2019/7/29 12:29:7, Inactive
122999, 1564403348, 2019/7/29 12:29:8, Active
123999, 1564403349, 2019/7/29 12:29:9, Active
124999, 1564403350, 2019/7/29 12:29:10, Active
125999, 1564403351, 2019/7/29 12:29:11, Active
126999, 1564403352, 2019/7/29 12:29:12, Inactive
128000, 1564403353, 2019/7/29 12:29:13, Inactive
128999, 1564403354, 2019/7/29 12:29:14, Inactive
129999, 1564403355, 2019/7/29 12:29:15, Inactive
130998, 1564403356, 2019/7/29 12:29:16, Inactive
131999, 1564403357, 2019/7/29 12:29:17, Active
132999, 1564403358, 2019/7/29 12:29:18, Active
133999, 1564403359, 2019/7/29 12:29:19, Inactive
134999, 1564403360, 2019/7/29 12:29:20, Inactive
135999, 1564403361, 2019/7/29 12:29:21, Active
136999, 1564403362, 2019/7/29 12:29:22, Active
137999, 1564403363, 2019/7/29 12:29:23, Active
138999, 1564403364, 2019/7/29 12:29:24, Active
139999, 1564403365, 2019/7/29 12:29:25, Active
140999, 1564403366, 2019/7/29 12:29:26, Active
141999, 1564403367, 2019/7/29 12:29:27, Active
142999, 1564403368, 2019/7/29 12:29:28, Inactive
144000, 1564403369, 2019/7/29 12:29:29, Inactive
144999, 1564403370, 2019/7/29 12:29:30, Inactive
145999, 1564403371, 2019/7/29 12:29:31, Inactive
146999, 1564403372, 2019/7/29 12:29:32, Inactive
147999, 1564403373, 2019/7/29 12:29:33, Inactive
148999, 1564403374, 2019/7/29 12:29:34, Inactive
149999, 1564403375, 2019/7/29 12:29:35, Inactive
151000, 1564403376, 2019/7/29 12:29:36, Inactive
151999, 1564403377, 2019/7/29 12:29:37, Inactive
152999, 1564403378, 2019/7/29 12:29:38, Inactive
153999, 1564403379, 2019/7/29 12:29:39, Inactive
154999, 1564403380, 2019/7/29 12:29:40, Inactive
155999, 1564403381, 2019/7/29 12:29:41, Active
156999, 1564403382, 2019/7/29 12:29:42, Active
157999, 1564403383, 2019/7/29 12:29:43, Active
158999, 1564403384, 2019/7/29 12:29:44, Active
159998, 1564403385, 2019/7/29 12:29:45, Active
160999, 1564403386, 2019/7/29 12:29:46, Inactive
161999, 1564403387, 2019/7/29 12:29:47, Inactive
162999, 1564403388, 2019/7/29 12:29:48, Active
163999, 1564403389, 2019/7/29 12:29:49, Active
164999, 1564403390, 2019/7/29 12:29:50, Active
165999, 1564403391, 2019/7/29 12:29:51, Active
166999, 1564403392, 2019/7/29 12:29:52, Active
167999, 1564403393, 2019/7/29 12:29:53, Inactive
168999, 1564403394, 2019/7/29 12:29:54, Inactive
169999, 1564403395, 2019/7/29 12:29:55, Active
170999, 1564403396, 2019/7/29 12:29:56, Active
171999, 1564403397, 2019/7/29 12:29:57, Inactive
172999, 1564403398, 2019/7/29 12:29:58, Inactive
173999, 1564403399, 2019/7/29 12:29:59, Inactive
174999, 1564403400, 2019/7/29 12:30:0, Active
176000, 1564403401, 2019/7/29 12:30:1, Active
176999, 1564403402, 2019/7/29 12:30:2, Active
177999, 1564403403, 2019/7/29 12:30:3, Active
178999, 1564403404, 2019/7/29 12:30:4, Active
179999, 1564403405, 2019/7/29 12:30:5, Active
181000, 1564403406, 2019/7/29 12:30:6, Active
181998, 1564403407, 2019/7/29 12:30:7, Active
183000, 1564403408, 2019/7/29 12:30:8, Active
183999, 1564403409, 2019/7/29 12:30:9, Active
184998, 1564403410, 2019/7/29 12:30:10, Active
185999, 1564403411, 2019/7/29 12:30:11, Active
186999, 1564403412, 2019/7/29 12:30:12, Inactive
187999, 1564403413, 2019/7/29 12:30:13, Inactive
188999, 1564403414, 2019/7/29 12:30:14, Active
190000, 1564403415, 2019/7/29 12:30:15, Active
190999, 1564403416, 2019/7/29 12:30:16, Active
191998, 1564403417, 2019/7/29 12:30:17, Inactive
192999, 1564403418, 2019/7/29 12:30:18, Inactive
193998, 1564403419, 2019/7/29 12:30:19, Inactive
194999, 1564403420, 2019/7/29 12:30:20, Inactive
195999, 1564403421, 2019/7/29 12:30:21, Active
196999, 1564403422, 2019/7/29 12:30:22, Active
197999, 1564403423, 2019/7/29 12:30:23, Active
198999, 1564403424, 2019/7/29 12:30:24, Active
199999, 1564403425, 2019/7/29 12:30:25, Inactive
200999, 1564403426, 2019/7/29 12:30:26, Inactive
201999, 1564403427, 2019/7/29 12:30:27, Active
202999, 1564403428, 2019/7/29 12:30:28, Active
203999, 1564403429, 2019/7/29 12:30:29, Active
204999, 1564403430, 2019/7/29 12:30:30, Active
205999, 1564403431, 2019/7/29 12:30:31, Active
206999, 1564403432, 2019/7/29 12:30:32, Active
208000, 1564403433, 2019/7/29 12:30:33, Inactive
208999, 1564403434, 2019/7/29 12:30:34, Inactive
209999, 1564403435, 2019/7/29 12:30:35, Inactive
210999, 1564403436, 2019/7/29 12:30:36, Active
211999, 1564403437, 2019/7/29 12:30:37, Active
